<?xml version="1.0" encoding="UTF-8"?>
<beans xmlns="http://www.springframework.org/schema/beans"
	xmlns:xsi="http://www.w3.org/2001/XMLSchema-instance"
	xsi:schemaLocation="http://www.springframework.org/schema/beans https://www.springframework.org/schema/beans/spring-beans.xsd">
	
	<!-- Root Context: defines shared resources visible to all other web components -->
	
	<!-- Connection 역할 -->
	<bean class="org.apache.commons.dbcp.BasicDataSource" id="datasource">
		<property name="driverClassName" value="oracle.jdbc.driver.OracleDriver"></property>
		<property name="url" value="jdbc:oracle:thin:@localhost:1521:xe"></property>
		<property name="username" value="hr"></property>
		<property name="password" value="java1234"></property>
	</bean>
	
	<!-- log4j 설정 -->
	<bean class="net.sf.log4jdbc.Log4jdbcProxyDataSource" id="log4j">
		<constructor-arg ref="datasource"></constructor-arg>
		<property name="logFormatter">
			<bean class="net.sf.log4jdbc.tools.Log4JdbcCustomFormatter">
				<property name="loggingType" value="MULTI_LINE"></property>
				<property name="sqlPrefix" value="[SQL] "></property>
			</bean>
		</property>
	</bean>

	<!-- 설정 -->
	<bean class="org.mybatis.spring.SqlSessionFactoryBean" id="sessionfactory">
		<property name="dataSource" ref="log4j"></property>
		<property name="mapperLocations" value="classpath*:com/test/ozone/mapper/*.xml"></property>
		<property name="configLocation" value="/WEB-INF/mybatis.xml"></property>
	</bean>

	<!-- Statement + ResultSet 역할 -->
	<bean class="org.mybatis.spring.SqlSessionTemplate">
		<constructor-arg ref="sessionfactory"></constructor-arg>
	</bean>
	
	
	<!-- FileUpload -->
	<bean class="org.springframework.web.multipart.commons.CommonsMultipartResolver"
		  id="multipartResolver">
		<!-- 업로드 최대 크기 지정(바이트) -->
		<property name="maxUploadSize" value="104857600"></property>	  
	</bean>
		
</beans>














